TP,TN,FP,FN,accuracy,f1
29537,222061,23214,225188,50.31959915161133,19.212556838989258
