TP,TN,FP,FN,accuracy,f1
30939,221349,24299,223413,50.45759963989258,19.987079620361328
