TP,TN,FP,FN,accuracy,f1
18765,231193,14274,235768,49.991600036621094,13.050644874572754
