TP,TN,FP,FN,accuracy,f1
11317,237572,8120,242991,49.777801513671875,8.268279075622559
