TP,TN,FP,FN,accuracy,f1
29252,222947,22732,225069,50.43980026245117,19.099916458129883
