TP,TN,FP,FN,accuracy,f1
17514,233537,12487,236462,50.210201263427734,12.33480167388916
