TP,TN,FP,FN,accuracy,f1
33491,220030,25482,220997,50.704200744628906,21.368528366088867
